client_id,campaign_id,campaign_name
6279301833,7893547,Campaign #1
6279301833,7850307,Campaign #2
6279301833,7855407,Campaign #3
6279301833,6124007,Campaign #4
6279301833,6102987,Campaign #5
6279301833,1022927,Campaign #6
6279301833,42230137,Campaign #7
6279301833,42797657,Campaign #8
6279301833,42188697,Campaign #9
6279301833,49643837,Campaign #10
6279301833,46207957,Campaign #11
6279301833,46846297,Campaign #12
6279301833,43131357,Campaign #13
6279301833,41224537,Campaign #14
6279301833,41444617,Campaign #15
6279301833,41469117,Campaign #16
6279301833,6790317,Campaign #17
6279301833,1854167,Campaign #18
6279301833,1856887,Campaign #19
6279301833,1646877,Campaign #20
6279301833,1692977,Campaign #21
6279301833,1692137,Campaign #22
6279301833,1694057,Campaign #23
6279301833,52422487,Campaign #24
6279301833,52441827,Campaign #25
6279301833,52441737,Campaign #26
6279301833,54374587,Campaign #27
6279301833,54370987,Campaign #28
6279301833,81570447,Campaign #29
6279301833,81570927,Campaign #30
6279301833,81570917,Campaign #31
6279301833,81570037,Campaign #32
6279301833,81570567,Campaign #33
6279301833,81570877,Campaign #34
6279301833,81570787,Campaign #35
6279301833,72397427,Campaign #36
6279301833,79900627,Campaign #37
6279301833,79958397,Campaign #38
6279301833,79737057,Campaign #39
6279301833,79690437,Campaign #40
6279301833,77312127,Campaign #41
6279301833,77314297,Campaign #42
6279301833,77314457,Campaign #43
6279301833,77314977,Campaign #44
6279301833,77314037,Campaign #45
6279301833,76982857,Campaign #46
6279301833,76542827,Campaign #47
6279301833,76542797,Campaign #48
6279301833,64579857,Campaign #49
6279301833,61408427,Campaign #50
6279301833,61408997,Campaign #51
6279301833,61408057,Campaign #52
6279301833,61408577,Campaign #53
6279301833,61408837,Campaign #54
6279301833,61408627,Campaign #55
6279301833,61408397,Campaign #56
6279301833,61408157,Campaign #57
6279301833,61407277,Campaign #58
6279301833,61407437,Campaign #59
6279301833,61407027,Campaign #60
6279301833,61407597,Campaign #61
6279301833,61407857,Campaign #62
6279301833,61407777,Campaign #63
6279301833,61407637,Campaign #64
6279301833,61407127,Campaign #65
6279301833,61406297,Campaign #66
6279301833,61406457,Campaign #67
6279301833,61406977,Campaign #68
6279301833,61406037,Campaign #69
6279301833,61406827,Campaign #70
6279301833,61406797,Campaign #71
6279301833,61406657,Campaign #72
6279301833,61406377,Campaign #73
6279301833,61406137,Campaign #74
6279301833,61403427,Campaign #75
6279301833,61439377,Campaign #76
6279301833,61439137,Campaign #77
6279301833,61430427,Campaign #78
6279301833,61430997,Campaign #79
6279301833,61430057,Campaign #80
6279301833,61430577,Campaign #81
6279301833,61430837,Campaign #82
6279301833,61430627,Campaign #83
6279301833,61430397,Campaign #84
6279301833,61430157,Campaign #85
6279301833,61435277,Campaign #86
6279301833,61435437,Campaign #87
6279301833,61435027,Campaign #88
6279301833,32921577,Campaign #89
6279301833,32944977,Campaign #90
6279301833,32944037,Campaign #91
6279301833,32944827,Campaign #92
6279301833,32944657,Campaign #93
6279301833,32944377,Campaign #94
6279301833,37900837,Campaign #95
6279301833,37900627,Campaign #96
6279301833,37900397,Campaign #97
6279301833,37900157,Campaign #98
6279301833,37905277,Campaign #99
6279301833,37905437,Campaign #100
6279301833,37905027,Campaign #101
6279301833,37905597,Campaign #102
6279301833,17978427,Campaign #103
6279301833,17930057,Campaign #104
6279301833,17930577,Campaign #105
6279301833,17850377,Campaign #106
6279301833,11087277,Campaign #107
6279301833,11086297,Campaign #108
6279301833,11853437,Campaign #109
6279301833,11853027,Campaign #110
6279301833,11853597,Campaign #111
6279301833,11853857,Campaign #112
6279301833,11853777,Campaign #113
6279301833,428873157,Campaign #114
6279301833,428871277,Campaign #115
6279301833,428871437,Campaign #116
6279301833,428871027,Campaign #117
6279301833,428871597,Campaign #118
6279301833,428871857,Campaign #119
6279301833,448635437,Campaign #120
6279301833,448635027,Campaign #121
6279301833,441876597,Campaign #122
6279301833,441862597,Campaign #123
6279301833,441867637,Campaign #124
6279301833,441866377,Campaign #125
6279301833,441863397,Campaign #126
6279301833,441861777,Campaign #127
6279301833,441834397,Campaign #128
6279301833,441834157,Campaign #129
6279301833,441839277,Campaign #130
6279301833,441837827,Campaign #131
6279301833,441836427,Campaign #132
6279301833,441836397,Campaign #133
6279301833,441833027,Campaign #134
6279301833,441833597,Campaign #135
6279301833,441833777,Campaign #136
6279301833,441813457,Campaign #137
6279301833,441813827,Campaign #138
6279301833,441811397,Campaign #139
6279301833,441725657,Campaign #140
6279301833,441725377,Campaign #141
6279301833,454100137,Campaign #142
6279301833,454105427,Campaign #143
6279301833,481957377,Campaign #144
6279301833,477550457,Campaign #145
6279301833,477572857,Campaign #146
6279301833,476491277,Campaign #147
6279301833,417859797,Campaign #148
6279301833,417859657,Campaign #149
6279301833,417390027,Campaign #150
6279301833,413772457,Campaign #151
6279301833,411669127,Campaign #152
6279301833,921070277,Campaign #153
6279301833,942175627,Campaign #154
6279301833,42640037,Campaign #155
6279301833,4963457,Campaign #156
6279301833,4855437,Campaign #157
6279301833,629348568,Campaign #158
6279301833,317220756,Campaign #159
6279301833,4820098063,Campaign #160
6279301833,7741369561,Campaign #161
6279301833,7741369729,Campaign #162
6279301833,7741369728,Campaign #163
6279301833,7741369386,Campaign #164
6279301833,1177632493,Campaign #165
6279301833,1177632404,Campaign #166
6279301833,1177632405,Campaign #167
6279301833,1167146510,Campaign #168
6279301833,42297190844,Campaign #169
6279301833,42297190845,Campaign #170
6279301833,42297190846,Campaign #171
6279301833,42297190752,Campaign #172
6279301833,42297190750,Campaign #173
6279301833,42297190757,Campaign #174
6279301833,42450120680,Campaign #175
7850559304,95966951,Campaign #176
7850559304,52478591,Campaign #177
7850559304,52056761,Campaign #178
7850559304,76092521,Campaign #179
7850559304,76094491,Campaign #180
7850559304,64218691,Campaign #181
7850559304,67276871,Campaign #182
7850559304,67767731,Campaign #183
7850559304,67318871,Campaign #184
7850559304,34917231,Campaign #185
7850559304,34500071,Campaign #186
7850559304,31707231,Campaign #187
7850559304,422427091,Campaign #188
7850559304,422546071,Campaign #189
7850559304,422359471,Campaign #190
7850559304,424290071,Campaign #191
7850559304,408377091,Campaign #192
7850559304,407872891,Campaign #193
7850559304,452662171,Campaign #194
7850559304,466578471,Campaign #195
7850559304,463611191,Campaign #196
7850559304,434043491,Campaign #197
7850559304,412635321,Campaign #198
7850559304,414904091,Campaign #199
7850559304,909688251,Campaign #200
7850559304,982023471,Campaign #201
7850559304,980079931,Campaign #202
7850559304,910405691,Campaign #203
7850559304,918704551,Campaign #204
7850559304,44802351,Campaign #205
7850559304,54759191,Campaign #206
7850559304,15771951,Campaign #207
7850559304,719109938,Campaign #208
7850559304,628678343,Campaign #209
7850559304,621664429,Campaign #210
7850559304,621664403,Campaign #211
7850559304,621666234,Campaign #212
7850559304,642215730,Campaign #213
7850559304,642218496,Campaign #214
7850559304,642218402,Campaign #215
7850559304,642218436,Campaign #216
7850559304,642723259,Campaign #217
7850559304,327355647,Campaign #218
7850559304,195811150,Campaign #219
7850559304,171461687,Campaign #220
7850559304,171106095,Campaign #221
7850559304,4283952936,Campaign #222
7850559304,4069784386,Campaign #223
7850559304,4583330348,Campaign #224
7850559304,4583330343,Campaign #225
7850559304,4583330394,Campaign #226
7850559304,4583330395,Campaign #227
7850559304,4583330396,Campaign #228
7850559304,4583330302,Campaign #229
7850559304,4583330300,Campaign #230
7850559304,4583330307,Campaign #231
7850559304,4583330301,Campaign #232
7850559304,4583330359,Campaign #233
7850559304,4583330358,Campaign #234
7850559304,4583330353,Campaign #235
7850559304,4583330384,Campaign #236
7850559304,4583330385,Campaign #237
7850559304,4583330386,Campaign #238
7850559304,4583330372,Campaign #239
7850559304,4583330370,Campaign #240
7850559304,4583330377,Campaign #241
7850559304,4583330371,Campaign #242
7850559304,4583330369,Campaign #243
7850559304,4583330368,Campaign #244
7850559304,4583330363,Campaign #245
7850559304,4825556408,Campaign #246
7850559304,4825110792,Campaign #247
7850559304,4883484960,Campaign #248
7850559304,4838189701,Campaign #249
7850559304,4818184197,Campaign #250
7850559304,4763260331,Campaign #251
7850559304,4694724694,Campaign #252
7850559304,4654597582,Campaign #253
7850559304,4654111764,Campaign #254
7850559304,4654111765,Campaign #255
7850559304,4654111766,Campaign #256
7850559304,4654111322,Campaign #257
7850559304,4654111320,Campaign #258
7850559304,4654111327,Campaign #259
7850559304,4654111321,Campaign #260
7850559304,4654111349,Campaign #261
7850559304,4654111348,Campaign #262
7850559304,4654111343,Campaign #263
7850559304,4654111394,Campaign #264
7850559304,4654111395,Campaign #265
7850559304,4654111396,Campaign #266
7850559304,4654111302,Campaign #267
7850559304,4654111300,Campaign #268
7850559304,4654111307,Campaign #269
7850559304,4654111301,Campaign #270
7850559304,4654111359,Campaign #271
7850559304,4654111358,Campaign #272
7850559304,4654111353,Campaign #273
7850559304,4654111384,Campaign #274
7850559304,4654111385,Campaign #275
7850559304,4654111386,Campaign #276
7850559304,4654111372,Campaign #277
7850559304,4654111370,Campaign #278
7850559304,4654111377,Campaign #279
7850559304,4654111371,Campaign #280
7850559304,4654111369,Campaign #281
7850559304,4654111368,Campaign #282
7850559304,4654111363,Campaign #283
7850559304,4654111334,Campaign #284
7850559304,4654111335,Campaign #285
7850559304,4654111336,Campaign #286
7850559304,4654111312,Campaign #287
7850559304,4654111310,Campaign #288
7850559304,4659751854,Campaign #289
7850559304,4659751855,Campaign #290
7850559304,4659751856,Campaign #291
7850559304,4659751882,Campaign #292
7850559304,4650939624,Campaign #293
7850559304,4650939369,Campaign #294
7850559304,4650939363,Campaign #295
7850559304,4650930214,Campaign #296
7850559304,4650930427,Campaign #297
7850559304,4650930421,Campaign #298
7850559304,4650876047,Campaign #299
7850559304,4650876099,Campaign #300
7850559304,4650876089,Campaign #301
7850559304,4655217912,Campaign #302
7850559304,4655425361,Campaign #303
7850559304,4655428055,Campaign #304
7850559304,4655428524,Campaign #305
7850559304,4655428526,Campaign #306
7850559304,4655428547,Campaign #307
7850559304,4655428593,Campaign #308
7850559304,4655428504,Campaign #309
7850559304,4655428384,Campaign #310
7850559304,4655428129,Campaign #311
7850559304,4655428144,Campaign #312
7850559304,4655428146,Campaign #313
7850559304,4655427448,Campaign #314
7850559304,4655427443,Campaign #315
7850559304,4655427402,Campaign #316
7850559304,4637451655,Campaign #317
7850559304,4637451656,Campaign #318
7850559304,4637451682,Campaign #319
7850559304,4637451680,Campaign #320
7850559304,4637451687,Campaign #321
7850559304,4637451681,Campaign #322
7850559304,4637451679,Campaign #323
7850559304,4637451678,Campaign #324
7850559304,4637451673,Campaign #325
7850559304,4637451664,Campaign #326
7850559304,4637451665,Campaign #327
7850559304,4637451666,Campaign #328
7850559304,4637451632,Campaign #329
7850559304,4637451630,Campaign #330
7850559304,4637451637,Campaign #331
7850559304,4637451631,Campaign #332
7850559304,4637451619,Campaign #333
7850559304,4637451618,Campaign #334
7850559304,4637451613,Campaign #335
7850559304,4637451324,Campaign #336
7850559304,4637451325,Campaign #337
7850559304,4637451326,Campaign #338
7850559304,4637451342,Campaign #339
7850559304,4637451340,Campaign #340
7850559304,4637451347,Campaign #341
7850559304,4637451341,Campaign #342
7850559304,4637451399,Campaign #343
7850559304,4637451398,Campaign #344
7850559304,4637451393,Campaign #345
7850559304,4637451304,Campaign #346
7850559304,4637451305,Campaign #347
7850559304,4637451306,Campaign #348
7850559304,4637451172,Campaign #349
7850559304,4637451170,Campaign #350
7850559304,4637451177,Campaign #351
7850559304,4637451171,Campaign #352
7850559304,4637451169,Campaign #353
7850559304,4637451168,Campaign #354
7850559304,4637451163,Campaign #355
7850559304,4637451134,Campaign #356
7850559304,4637451135,Campaign #357
7850559304,4637451136,Campaign #358
7850559304,4637451112,Campaign #359
7850559304,4637451110,Campaign #360
7850559304,4637451117,Campaign #361
7850559304,4637451111,Campaign #362
7850559304,4637482229,Campaign #363
7850559304,4637482228,Campaign #364
7850559304,4637482223,Campaign #365
7850559304,4385870194,Campaign #366
7850559304,7848082933,Campaign #367
7850559304,3239114435,Campaign #368
7850559304,1692915319,Campaign #369
7850559304,1652802674,Campaign #370
4231379974,495514479,Campaign #371
4231379974,495679079,Campaign #372
4231379974,496283239,Campaign #373
4231379974,496283099,Campaign #374
4231379974,455392079,Campaign #375
4231379974,485341539,Campaign #376
4231379974,992769229,Campaign #377
4231379974,957853879,Campaign #378
4231379974,953595479,Campaign #379
4231379974,989043479,Campaign #380
4231379974,742548535,Campaign #381
4231379974,608495267,Campaign #382
4231379974,608495261,Campaign #383
4231379974,657838969,Campaign #384
4231379974,657838968,Campaign #385
4231379974,657121543,Campaign #386
4231379974,657121594,Campaign #387
4231379974,684400113,Campaign #388
4231379974,684405494,Campaign #389
4231379974,672803867,Campaign #390
4231379974,672803861,Campaign #391
4231379974,679283162,Campaign #392
4231379974,679283160,Campaign #393
4231379974,673874043,Campaign #394
4231379974,673874094,Campaign #395
4231379974,673874095,Campaign #396
4231379974,673874096,Campaign #397
4231379974,669617499,Campaign #398
4231379974,660024961,Campaign #399
4231379974,660024939,Campaign #400
4231379974,660024049,Campaign #401
4231379974,660024048,Campaign #402
4231379974,667570323,Campaign #403
4231379974,666415937,Campaign #404
4231379974,663873349,Campaign #405
4231379974,663873348,Campaign #406
4231379974,391186095,Campaign #407
4231379974,391186096,Campaign #408
4231379974,303058011,Campaign #409
4231379974,303058529,Campaign #410
4231379974,352034114,Campaign #411
4231379974,334719646,Campaign #412
4231379974,334627594,Campaign #413
4231379974,339645784,Campaign #414
4231379974,338604590,Campaign #415
4231379974,312234525,Campaign #416
4231379974,314302720,Campaign #417
4231379974,314302727,Campaign #418
4231379974,314302721,Campaign #419
4231379974,315885836,Campaign #420
4231379974,4454945709,Campaign #421
4231379974,4079806342,Campaign #422
4231379974,4560658766,Campaign #423
4231379974,4510906314,Campaign #424
4231379974,4687837231,Campaign #425
4231379974,1679354478,Campaign #426
4231379974,1679354473,Campaign #427
4231379974,42292237022,Campaign #428
5437628297,410005750,Campaign #429
5437628297,982807220,Campaign #430
5437628297,985786250,Campaign #431
5437628297,985786750,Campaign #432
5437628297,985783530,Campaign #433
5437628297,21137470,Campaign #434
5437628297,44414230,Campaign #435
5437628297,40882470,Campaign #436
5437628297,98231950,Campaign #437
5437628297,98231070,Campaign #438
5437628297,98212230,Campaign #439
5437628297,9705350,Campaign #440
5437628297,79898750,Campaign #441
5437628297,73219550,Campaign #442
5437628297,73219320,Campaign #443
5437628297,540468950,Campaign #444
5437628297,813297555,Campaign #445
5437628297,813297796,Campaign #446
5437628297,721980328,Campaign #447
5437628297,625583964,Campaign #448
5437628297,693319483,Campaign #449
5437628297,4581498260,Campaign #450
5437628297,4570878215,Campaign #451
5437628297,4560232615,Campaign #452
5437628297,4560633887,Campaign #453
5437628297,4560374687,Campaign #454
5437628297,4565681381,Campaign #455
5437628297,4568999039,Campaign #456
5437628297,4568167990,Campaign #457
5437628297,4567648078,Campaign #458
5437628297,4566399292,Campaign #459
5437628297,4563046463,Campaign #460
5437628297,4818595411,Campaign #461
5437628297,4797938447,Campaign #462
5437628297,4793994745,Campaign #463
5437628297,4782538532,Campaign #464
5437628297,4782538759,Campaign #465
5437628297,4782168692,Campaign #466
5437628297,4782167822,Campaign #467
5437628297,4782167719,Campaign #468
5437628297,4771346991,Campaign #469
5437628297,4766029744,Campaign #470
5437628297,4645305264,Campaign #471
5437628297,4396256472,Campaign #472
5437628297,4306698242,Campaign #473
5437628297,4303260538,Campaign #474
5437628297,4383484981,Campaign #475
5437628297,4368953307,Campaign #476
5437628297,4368011164,Campaign #477
5437628297,4368521402,Campaign #478
5437628297,4368304444,Campaign #479
5437628297,4368307930,Campaign #480
5437628297,4368353799,Campaign #481
5437628297,9271460373,Campaign #482
5437628297,9271435377,Campaign #483
5437628297,9271696841,Campaign #484
5437628297,9271633689,Campaign #485
5437628297,9269590984,Campaign #486
5437628297,9269502150,Campaign #487
5437628297,9268565499,Campaign #488
5437628297,9235359021,Campaign #489
5437628297,7553445108,Campaign #490
5437628297,7553935710,Campaign #491
5437628297,7581676179,Campaign #492
5437628297,3592202005,Campaign #493
5437628297,3518929769,Campaign #494
5437628297,3518929768,Campaign #495
5437628297,3518929763,Campaign #496
5437628297,3518929734,Campaign #497
5437628297,3802778838,Campaign #498
5437628297,3802778833,Campaign #499
5437628297,3802778814,Campaign #500
5437628297,3802778815,Campaign #501
5437628297,3802778816,Campaign #502
5437628297,3802778692,Campaign #503
5437628297,3802778690,Campaign #504
5437628297,3804708309,Campaign #505
5437628297,3804708308,Campaign #506
5437628297,3804708303,Campaign #507
5437628297,3804708354,Campaign #508
5437628297,3804708355,Campaign #509
5437628297,3804708356,Campaign #510
5437628297,3804708382,Campaign #511
5437628297,42294854200,Campaign #512
5437628297,42459918258,Campaign #513
3584386695,921862340,Campaign #514
3584386695,921862100,Campaign #515
3584386695,921864280,Campaign #516
3584386695,921864460,Campaign #517
3584386695,992160860,Campaign #518
3584386695,994790740,Campaign #519
3584386695,747070364,Campaign #520
3584386695,657039071,Campaign #521
3584386695,4883782433,Campaign #522
3584386695,4883782414,Campaign #523
3584386695,4883782415,Campaign #524
3584386695,4883782416,Campaign #525
3584386695,4883782922,Campaign #526
3584386695,4883782920,Campaign #527
3584386695,4610488771,Campaign #528
3584386695,4610488769,Campaign #529
3584386695,4610956878,Campaign #530
3584386695,4610956873,Campaign #531
3584386695,9257956497,Campaign #532
3584386695,9257956491,Campaign #533
3584386695,9257956409,Campaign #534
3584386695,9257956408,Campaign #535
3584386695,3529404500,Campaign #536
3584386695,3529404507,Campaign #537
3584386695,3529404501,Campaign #538
3584386695,1974628968,Campaign #539
3584386695,1737531958,Campaign #540
3584386695,1737531953,Campaign #541
3584386695,1737531984,Campaign #542
3584386695,1737531985,Campaign #543
3584386695,1101184683,Campaign #544
3584386695,42294010334,Campaign #545
3584386695,42294010335,Campaign #546
3584386695,42294010336,Campaign #547
3584386695,42447484369,Campaign #548
6840201268,939067307,Campaign #549
6840201268,911454047,Campaign #550
6840201268,40589967,Campaign #551
6840201268,2982817,Campaign #552
6840201268,2989707,Campaign #553
6840201268,4400887,Campaign #554
6840201268,8508267,Campaign #555
6840201268,66433817,Campaign #556
6840201268,32091907,Campaign #557
6840201268,32091567,Campaign #558
6840201268,32091817,Campaign #559
6840201268,32091307,Campaign #560
6840201268,30512687,Campaign #561
6840201268,30512117,Campaign #562
6840201268,813254829,Campaign #563
6840201268,813259296,Campaign #564
6840201268,813264852,Campaign #565
6840201268,813264326,Campaign #566
6840201268,811233460,Campaign #567
6840201268,811233598,Campaign #568
6840201268,811135703,Campaign #569
6840201268,722293533,Campaign #570
6840201268,722346418,Campaign #571
6840201268,722331599,Campaign #572
6840201268,125361411,Campaign #573
6840201268,175839261,Campaign #574
6840201268,4001562492,Campaign #575
6840201268,4810530303,Campaign #576
6840201268,4635256053,Campaign #577
6840201268,4635447242,Campaign #578
6840201268,1245155298,Campaign #579
6840201268,1245155293,Campaign #580
6840201268,1252303050,Campaign #581
6840201268,1252303057,Campaign #582
6840201268,1442892763,Campaign #583
6840201268,1442892734,Campaign #584
6840201268,1442892735,Campaign #585
6840201268,1442892736,Campaign #586
6840201268,1183632663,Campaign #587
6840201268,1183632634,Campaign #588
6840201268,1183632635,Campaign #589
6840201268,1183632636,Campaign #590
8332372187,657044094,Campaign #591
8332372187,685445680,Campaign #592
8332372187,685052444,Campaign #593
8332372187,688971449,Campaign #594
8332372187,681831768,Campaign #595
8332372187,681831763,Campaign #596
8332372187,681120958,Campaign #597
8332372187,681120953,Campaign #598
8332372187,681120984,Campaign #599
8332372187,681120985,Campaign #600
8332372187,672513176,Campaign #601
8332372187,672513162,Campaign #602
8332372187,672513160,Campaign #603
8332372187,672513167,Campaign #604
8332372187,674434282,Campaign #605
8332372187,667340581,Campaign #606
8332372187,663405999,Campaign #607
8332372187,635747267,Campaign #608
8332372187,635747261,Campaign #609
8332372187,333624554,Campaign #610
8332372187,101406128,Campaign #611
8332372187,131673063,Campaign #612
8332372187,131673721,Campaign #613
8332372187,112744331,Campaign #614
8332372187,112744174,Campaign #615
8332372187,112740334,Campaign #616
8332372187,112740312,Campaign #617
8332372187,112748804,Campaign #618
8332372187,112748850,Campaign #619
8332372187,112748889,Campaign #620
8332372187,112748632,Campaign #621
8332372187,112747551,Campaign #622
8332372187,112747731,Campaign #623
8332372187,112747624,Campaign #624
8332372187,112658423,Campaign #625
8332372187,112689028,Campaign #626
8332372187,112689044,Campaign #627
8332372187,112685227,Campaign #628
8332372187,112685285,Campaign #629
8332372187,112685974,Campaign #630
8332372187,112685962,Campaign #631
8332372187,4549474796,Campaign #632
8332372187,4582933268,Campaign #633
8332372187,4790236242,Campaign #634
8332372187,4757188047,Campaign #635
8332372187,4343966076,Campaign #636
8332372187,4120599073,Campaign #637
8332372187,7555339779,Campaign #638
8332372187,7555339778,Campaign #639
8332372187,7555339773,Campaign #640
8332372187,7555339764,Campaign #641
8332372187,7555339765,Campaign #642
8332372187,7555339766,Campaign #643
8332372187,7841244524,Campaign #644
8332372187,7168956758,Campaign #645
8332372187,1481889924,Campaign #646
8332372187,1481320923,Campaign #647
8332372187,1876033224,Campaign #648
8332372187,42278989190,Campaign #649
8332372187,42278989197,Campaign #650
6777084110,4548734476,Campaign #651
6777084110,4599391216,Campaign #652
6777084110,4599300248,Campaign #653
6777084110,4590856920,Campaign #654
6777084110,4590623248,Campaign #655
6777084110,4595070768,Campaign #656
6777084110,4598931332,Campaign #657
6777084110,4505187347,Campaign #658
6777084110,4508980201,Campaign #659
6777084110,4508987743,Campaign #660
6777084110,4508342587,Campaign #661
6777084110,4506839317,Campaign #662
6777084110,4506331332,Campaign #663
6777084110,4503948446,Campaign #664
6777084110,4578057270,Campaign #665
6777084110,4578755151,Campaign #666
6777084110,4577849651,Campaign #667
6777084110,4897335858,Campaign #668
6777084110,4891585907,Campaign #669
6777084110,4802827060,Campaign #670
6777084110,4802823959,Campaign #671
6777084110,4802821571,Campaign #672
6777084110,4802821829,Campaign #673
6777084110,4867812641,Campaign #674
6777084110,4867733496,Campaign #675
6777084110,4833720036,Campaign #676
6777084110,4687945861,Campaign #677
6777084110,4143899902,Campaign #678
6777084110,4154667814,Campaign #679
6777084110,4154340699,Campaign #680
6777084110,4154346099,Campaign #681
6777084110,4159563830,Campaign #682
6777084110,4159532245,Campaign #683
6777084110,4160165260,Campaign #684
6777084110,4160168465,Campaign #685
6777084110,4165706540,Campaign #686
6777084110,4165706370,Campaign #687
6777084110,4165703919,Campaign #688
6777084110,4165701915,Campaign #689
6777084110,9227327991,Campaign #690
6777084110,9227323404,Campaign #691
6777084110,9227146401,Campaign #692
6777084110,9226289681,Campaign #693
6777084110,9226281297,Campaign #694
6777084110,9226281187,Campaign #695
6777084110,9242172015,Campaign #696
6777084110,9209698659,Campaign #697
6777084110,9209327554,Campaign #698
6777084110,9289488198,Campaign #699
6777084110,7555757697,Campaign #700
6777084110,7535486532,Campaign #701
6777084110,7825780572,Campaign #702
6777084110,7825767538,Campaign #703
6777084110,7843624397,Campaign #704
6777084110,7843673481,Campaign #705
6777084110,7150658761,Campaign #706
6777084110,7189089850,Campaign #707
6777084110,3902942256,Campaign #708
6777084110,1423386511,Campaign #709
6777084110,1947232702,Campaign #710
6777084110,1994386368,Campaign #711
6777084110,1994175545,Campaign #712
6777084110,1554788392,Campaign #713
4416711273,4861769993,Campaign #714
4416711273,4861331185,Campaign #715
4416711273,4760286200,Campaign #716
4416711273,4661472609,Campaign #717
4416711273,4661472608,Campaign #718
4416711273,4661472603,Campaign #719
4416711273,4661472654,Campaign #720
4416711273,4661472655,Campaign #721
4416711273,4661472656,Campaign #722
4416711273,4661472682,Campaign #723
4416711273,4661472680,Campaign #724
4416711273,4661472687,Campaign #725
4416711273,4661472681,Campaign #726
4416711273,4661472679,Campaign #727
4416711273,4661472678,Campaign #728
4416711273,4661472673,Campaign #729
4416711273,4661472664,Campaign #730
4416711273,4661472665,Campaign #731
4416711273,4661472666,Campaign #732
4416711273,4661472632,Campaign #733
4416711273,4661472630,Campaign #734
4416711273,4661472637,Campaign #735
4416711273,4661472631,Campaign #736
4416711273,4661472619,Campaign #737
4416711273,4661472618,Campaign #738
4416711273,4661472613,Campaign #739
4416711273,4661472194,Campaign #740
4416711273,4661472195,Campaign #741
4416711273,4661472196,Campaign #742
4416711273,4638423123,Campaign #743
4416711273,4638423144,Campaign #744
4416711273,4638423145,Campaign #745
4416711273,4638423146,Campaign #746
4416711273,4638423192,Campaign #747
4416711273,4638423190,Campaign #748
4416711273,4638423197,Campaign #749
4416711273,4638423191,Campaign #750
4416711273,4638423109,Campaign #751
4416711273,4638423108,Campaign #752
4416711273,4638423103,Campaign #753
4416711273,4638423154,Campaign #754
4416711273,4638423155,Campaign #755
4416711273,4638423156,Campaign #756
4416711273,4638423182,Campaign #757
4416711273,4638423180,Campaign #758
4416711273,4638423187,Campaign #759
4416711273,4638423181,Campaign #760
4416711273,4638421239,Campaign #761
4416711273,4638421238,Campaign #762
4416711273,4638421233,Campaign #763
4416711273,4638421214,Campaign #764
4416711273,4638421215,Campaign #765
4416711273,4638421216,Campaign #766
4416711273,4638421422,Campaign #767
4416711273,4123541683,Campaign #768
8919567096,4689171986,Campaign #769
8919567096,4680020413,Campaign #770
8919567096,4680013520,Campaign #771
8919567096,4680013527,Campaign #772
8919567096,4680013521,Campaign #773
8919567096,4680013549,Campaign #774
8919567096,4680013548,Campaign #775
8919567096,4680654835,Campaign #776
8919567096,4680654386,Campaign #777
8919567096,4680651295,Campaign #778
8919567096,4662497900,Campaign #779
8919567096,9247730514,Campaign #780
8919567096,3620887626,Campaign #781
8919567096,3620887642,Campaign #782
8919567096,3620887640,Campaign #783
8919567096,3620887647,Campaign #784
8919567096,3620887641,Campaign #785
8919567096,3620887699,Campaign #786
8919567096,3620887698,Campaign #787
8919567096,3620887693,Campaign #788
8919567096,3620887604,Campaign #789
8919567096,3620887605,Campaign #790
8919567096,3620887606,Campaign #791
8919567096,3620887652,Campaign #792
8919567096,1820691979,Campaign #793
8919567096,1826595110,Campaign #794
8919567096,1888579382,Campaign #795
8919567096,1871118783,Campaign #796
8919567096,1351510702,Campaign #797
8919567096,1384041518,Campaign #798
8919567096,1367731335,Campaign #799
8919567096,42451916321,Campaign #800
6357847508,4730313582,Campaign #801
6357847508,4730313580,Campaign #802
6357847508,4730313587,Campaign #803
6357847508,4730313581,Campaign #804
6357847508,4730313579,Campaign #805
6357847508,4730313578,Campaign #806
6357847508,4730313573,Campaign #807
6357847508,4730313564,Campaign #808
6357847508,4633300769,Campaign #809
6357847508,7555644207,Campaign #810
6357847508,7555644201,Campaign #811
6357847508,7555644259,Campaign #812
6357847508,7555644258,Campaign #813
6357847508,7555644253,Campaign #814
6357847508,7555644284,Campaign #815
6357847508,7555644285,Campaign #816
6357847508,7555644286,Campaign #817
6357847508,7555644272,Campaign #818
6357847508,7555644270,Campaign #819
6357847508,7103399662,Campaign #820
6357847508,7164567203,Campaign #821
6357847508,7164566584,Campaign #822
6357847508,7169034890,Campaign #823
6357847508,7160298514,Campaign #824
6357847508,7160297485,Campaign #825
6357847508,7160567331,Campaign #826
6357847508,7160567319,Campaign #827
6357847508,7160567318,Campaign #828
6357847508,7161643613,Campaign #829
6357847508,6928457851,Campaign #830
6357847508,6923571632,Campaign #831
6357847508,6921568861,Campaign #832
6357847508,3564453929,Campaign #833
6357847508,3564453928,Campaign #834
6357847508,3566820039,Campaign #835
6357847508,3566820038,Campaign #836
6357847508,1593789475,Campaign #837
6357847508,1855127648,Campaign #838
6357847508,1858010957,Campaign #839
6357847508,1858010951,Campaign #840
6357847508,1858010989,Campaign #841
6357847508,1858010988,Campaign #842
6357847508,1858010983,Campaign #843
6357847508,1818275216,Campaign #844